Date,Prediction,CI Lower,CI Upper
2025-01-01,70.40523760578827,70.20924344840631,70.60123176317023
2025-02-01,73.33057570299377,73.13460484741198,73.52654655857556
2025-03-01,74.19364847601764,73.9977042063588,74.38959274567648
2025-04-01,70.76062011779504,70.56469229099912,70.95654794459097
2025-05-01,74.81310766368051,74.61719177552943,75.00902355183159
2025-06-01,72.67837232139482,72.48246399314606,72.87428064964358
2025-07-01,76.48837129240746,76.29246636076122,76.6842762240537
2025-08-01,71.66662987820655,71.47072377625888,71.86253598015422
2025-09-01,79.05335493549,78.85745505575699,79.24925481522303
2025-10-01,74.47465382975997,74.27875696939911,74.67055069012083
2025-11-01,73.33626946208437,73.14037472120886,73.53216420295989
2025-12-01,74.46562929407628,74.26973634971402,74.66152223843854
2026-01-01,76.11106158068765,75.91516994749908,76.30695321387621
2026-02-01,76.78687010459021,76.59099941807236,76.98274079110806
2026-03-01,74.46752622044295,74.2716576068108,74.66339483407509
2026-04-01,72.16805918633145,71.97217536116503,72.36394301149787
2026-05-01,72.64595566484394,72.45006609878799,72.84184523089989
2026-06-01,75.67126796409207,75.47537486338203,75.8671610648021
2026-07-01,77.093330416826,76.89743429056715,77.28922654308487
2026-08-01,77.37182581447479,77.1759245460596,77.56772708288997
2026-09-01,75.4827507205274,75.28685373368404,75.67864770737077
2026-10-01,77.09269981305255,76.89680466606472,77.28859496004037
2026-11-01,78.98373584966959,78.78784209824288,79.1796296010963
2026-12-01,77.55051046372466,77.35461809906813,77.74640282838119
2027-01-01,77.01038690919836,76.81449560538002,77.2062782130167
2027-02-01,73.56554180032504,73.3696713281259,73.76141227252417
2027-03-01,77.09968406962821,76.9038155713481,77.29555256790832
2027-04-01,76.10805175797645,75.91216796488148,76.30393555107143
2027-05-01,76.4867748676495,76.2908852773141,76.6826644579849
2027-06-01,77.71445024536015,77.51855705859228,77.91034343212803
2027-07-01,75.9128569619376,75.71696066732238,76.10875325655283
2027-08-01,74.99390478079289,74.79800321671019,75.18980634487559
2027-09-01,73.06413369075098,72.86823615083493,73.26003123066702
2027-10-01,74.61225558591694,74.41635945540541,74.80815171642847
2027-11-01,75.63541226970406,75.43951674036848,75.83130779903965
2027-12-01,75.76602426549998,75.57012871302604,75.96191981797392
2028-01-01,75.70181538268628,75.50591808256425,75.8977126828083
2028-02-01,77.13457937820851,76.93869388961483,77.3304648668022
2028-03-01,76.94797287142417,76.75208917730714,77.1438565655412
2028-04-01,75.09580045350435,74.89991029391254,75.29169061309616
2028-05-01,73.52502482917478,73.32913196814937,73.7209176902002
2028-06-01,75.99084680627874,75.79495193798856,76.18674167456892
2028-07-01,79.71389814976942,79.5180010417207,79.90979525781815
2028-08-01,75.86988047252328,75.67397867784685,76.06578226719971
2028-09-01,74.63135382852795,74.43545653126739,74.82725112578851
2028-10-01,76.30180499514711,76.1059096664053,76.49770032388892
2028-11-01,76.41579775372122,76.21990389917707,76.61169160826537
2028-12-01,76.40244602613552,76.20655360358704,76.598338448684
2029-01-01,77.97050183020622,77.77461049786255,78.16639316254988
2029-02-01,76.0083009012651,75.81243041968102,76.20417138284918
2029-03-01,77.87613003274373,77.68026154464805,78.07199852083941
2029-04-01,75.69714533845706,75.50126157661751,75.89302910029662
2029-05-01,78.25313607664611,78.05724654555236,78.44902560773987
2029-06-01,77.64917166144767,77.45327858008504,77.8450647428103
2029-07-01,77.07512424593139,76.8792281307094,77.27102036115339
2029-08-01,76.81229470808465,76.61639344589614,77.00819597027316
2029-09-01,79.83856352618199,79.64266654352772,80.03446050883625
2029-10-01,77.38416431220708,77.18826916853668,77.58005945587747
2029-11-01,73.54180957457754,73.34591582661321,73.73770332254188
2029-12-01,75.71925079247535,75.52335843250631,75.91514315244439
2030-01-01,74.71526093098441,74.51936963465829,74.91115222731054
2030-02-01,79.35289722775951,79.15702677067019,79.54876768484884
2030-03-01,77.75135745732723,77.55548898420884,77.94722593044563
2030-04-01,79.28749104688222,79.09160729255414,79.4833748012103
2030-05-01,73.72836431545988,73.53247478845283,73.92425384246694
2030-06-01,77.42841102706643,77.23251794785413,77.62430410627873
2030-07-01,72.51769727522287,72.3218011610554,72.71359338939034
2030-08-01,72.04374523067281,71.84784396878415,72.23964649256148
2030-09-01,74.4507020958165,74.2548051128412,74.6465990787918
2030-10-01,78.255148689198,78.05925354449202,78.45104383390397
2030-11-01,73.25692574096956,73.06103199086382,73.4528194910753
2030-12-01,75.20032235677672,75.00442999289271,75.39621472066074
2031-01-01,77.61652552212814,77.42063421875459,77.8124168255017
2031-02-01,76.929942077051,76.73407160515288,77.12581254894911
2031-03-01,79.66953931486191,79.47367081676464,79.86540781295918
2031-04-01,75.24443184001468,75.04854804701,75.44031563301937
2031-05-01,74.3550809912912,74.1591914010082,74.5509705815742
2031-06-01,73.04663845378008,72.85074526704007,73.24253164052008
2031-07-01,74.50558993682023,74.30969364222396,74.7014862314165
2031-08-01,73.02478044884151,72.82887888476884,73.22068201291418
2031-09-01,71.65298401527684,71.45708647536524,71.84888155518844
2031-10-01,79.1551530603906,78.95925692988577,79.35104919089544
2031-11-01,75.34589220480507,75.14999667547059,75.54178773413955
2031-12-01,80.41111043874275,80.21521488626881,80.6070059912167
2032-01-01,73.56781956814007,73.37192226801804,73.7637168682621
2032-02-01,74.37357647090357,74.17769098230544,74.56946195950171
2032-03-01,73.69212592272447,73.49624222860967,73.88800961683927
2032-04-01,73.95405026015146,73.75816010055742,74.1499404197455
2032-05-01,76.98604983008045,76.79015696905392,77.18194269110697
2032-06-01,76.37146669876807,76.17557183047677,76.56736156705938
2032-07-01,76.98704478407586,76.7911476760249,77.18294189212682
2032-08-01,77.92566201729534,77.7297602226189,78.12156381197177
2032-09-01,77.44869558138555,77.25279828412499,77.64459287864611
2032-10-01,73.22631483276962,73.0304195040278,73.42221016151143
2032-11-01,74.18479837523785,73.98890452069146,74.38069222978423
2032-12-01,75.48725029440322,75.29135787185474,75.6831427169517
2033-01-01,82.68804428047338,82.49215294813195,82.88393561281481
2033-02-01,76.78824767300478,76.5923771914207,76.98411815458886
2033-03-01,75.44765920193925,75.25179071384356,75.64352769003493
2033-04-01,76.5871917177015,76.39130795585972,76.78307547954329
2033-05-01,74.03042822884879,73.83453869775504,74.22631775994255
2033-06-01,75.76417250722682,75.5682794258653,75.96006558858834
2033-07-01,77.1466247419232,76.95072862670231,77.3425208571441
2033-08-01,75.1809483592574,74.98504709706889,75.37684962144591
2033-09-01,73.72444070922447,73.5285437265702,73.92033769187873
2033-10-01,75.0831877745305,74.88729263086123,75.27908291819978
2033-11-01,74.59820029964924,74.40230655168267,74.7940940476158
2033-12-01,72.52476875661768,72.32887639664641,72.72066111658894
2034-01-01,74.09468459295175,73.89879329662563,74.29057588927787
2034-02-01,72.45212515645409,72.25625469936365,72.64799561354452
2034-03-01,72.76634353722619,72.57047506410667,72.96221201034571
2034-04-01,72.95302582904628,72.7571420747182,73.14890958337436
2034-05-01,77.15026274336492,76.95437321635787,77.34615227037197
2034-06-01,78.20936126660649,78.0134681873953,78.40525434581768
2034-07-01,72.17465515120489,71.97875903703742,72.37055126537236
2034-08-01,78.38949697998419,78.19359571809886,78.58539824186951
2034-09-01,72.99394976052622,72.79805277755315,73.18984674349929
2034-10-01,76.72409225880438,76.52819711409951,76.91998740350924
2034-11-01,75.76148182786733,75.56558807776047,75.95737557797419
2034-12-01,76.50575060862116,76.30985824473714,76.70164297250517
2035-01-01,72.90849746461484,72.71260616124239,73.10438876798729
2035-02-01,71.61429712965244,71.41842665775545,71.81016760154944
2035-03-01,73.62919656478016,73.43332806668289,73.82506506287743
2035-04-01,76.09734039603472,75.90145660303004,76.2932241890394
2035-05-01,79.14471300912055,78.94882341883755,79.34060259940355
2035-06-01,73.1874977785892,72.9916045918492,73.38339096532921
2035-07-01,75.03088905277423,74.83499275817684,75.22678534737162
2035-08-01,73.75016352686816,73.5542619627955,73.94606509094083
2035-09-01,75.19297781227169,74.9970802723601,75.38887535218329
2035-10-01,71.38749594371006,71.19159981320077,71.58339207421936
2035-11-01,78.22405783425029,78.02816230491693,78.41995336358364
2035-12-01,75.2952214439349,75.09932589146543,75.49111699640439
2036-01-01,77.06541462781774,76.8695173276946,77.2613119279409
2036-02-01,74.77917571613398,74.58329022753695,74.975061204731
2036-03-01,75.61611469375998,75.4202309996463,75.81199838787367
2036-04-01,77.49725060634512,77.3013604467533,77.69314076593693
2036-05-01,75.50184628833341,75.305953427308,75.69773914935882
2036-06-01,75.57221836122866,75.37632349293959,75.76811322951774
2036-07-01,73.65257342910627,73.45667632105754,73.848470537155
2036-08-01,74.16647091549743,73.97056912081877,74.36237271017609
2036-09-01,73.21618041469912,73.02028311744526,73.41207771195299
2036-10-01,73.75780620961609,73.56191088087206,73.95370153836012
2036-11-01,77.7460348074693,77.55014095292738,77.94192866201122
2036-12-01,78.84897129605974,78.65307887350903,79.04486371861046
2037-01-01,72.75082094993058,72.55492961758915,72.94671228227202
2037-02-01,76.02066007195026,75.82478959036618,76.21653055353434
2037-03-01,74.61026463949975,74.4143961514063,74.8061331275932
2037-04-01,78.02624750391601,77.83036374207646,78.22213126575556
2037-05-01,75.5121522886925,75.31626275759875,75.70804181978626
2037-06-01,75.22088034309411,75.02498726173148,75.41677342445674
2037-07-01,73.74926349406066,73.55336737883866,73.94515960928265
2037-08-01,72.1756373741781,71.97973611199069,72.3715386363655
2037-09-01,76.7578990757363,76.56200209307981,76.9537960583928
2037-10-01,75.94706918013264,75.75117403646448,76.14296432380081
2037-11-01,75.9896931857096,75.79379943774526,76.18558693367393
2037-12-01,74.04325177984776,73.84735941987427,74.23914413982126
2038-01-01,74.94274718160375,74.74685588527541,75.13863847793209
2038-02-01,76.82485425711127,76.62898380001637,77.02072471420617
2038-03-01,77.19772093978463,77.00185246666734,77.39358941290192
2038-04-01,72.88560012557093,72.68971637124062,73.08148387990124
2038-05-01,73.96776105345134,73.77187152644206,74.16365058046063
2038-06-01,72.4612787191063,72.26538563989511,72.65717179831749
2038-07-01,75.63905572600788,75.44315961183818,75.83495184017758
2038-08-01,77.00726673775864,76.81136547587109,77.2031679996462
2038-09-01,74.68150453452847,74.48560755155317,74.87740151750377
2038-10-01,73.91082977504306,73.71493463034042,74.10672491974569
2038-11-01,74.57001561474198,74.374121864634,74.76590936484995
2038-12-01,79.84807561618447,79.65218325229934,80.04396798006961
2039-01-01,77.62463514791978,77.42874384454733,77.82052645129222
2039-02-01,76.69787863604995,76.50200816415406,76.89374910794584
2039-03-01,75.88009797079812,75.68422947270085,76.07596646889539
2039-04-01,75.21177177846205,75.01588798545737,75.40765557146673
2039-05-01,73.4251228175509,73.229233227269,73.6210124078328
2039-06-01,73.11547221592141,72.91957902918475,73.31136540265808
2039-07-01,74.1009936702103,73.9050973756118,74.2968899648088
2039-08-01,73.33271696443825,73.1368154003667,73.5286185285098
2039-09-01,74.0197328038006,73.82383526389123,74.21563034370996
2039-10-01,75.03808801236278,74.8421918818546,75.23398414287095
2039-11-01,75.18295855541396,74.98706302607948,75.37885408474844
2039-12-01,74.00304352699129,73.80714797451735,74.19893907946523
2040-01-01,76.22215118633062,76.02625388620747,76.41804848645377
2040-02-01,74.86786461370502,74.6719791251091,75.06375010230094
2040-03-01,75.65919136173375,75.46330766762118,75.85507505584631
2040-04-01,73.75773771417835,73.56184755458764,73.95362787376905
2040-05-01,76.61511483281879,76.41922197179338,76.8110076938442
2040-06-01,74.17708716825064,73.98119229996269,74.37298203653859
2040-07-01,78.44744481550401,78.25154770745195,78.64334192355608
2040-08-01,74.79484911381678,74.59894731914035,74.99075090849321
2040-09-01,75.04330567677391,74.84740837952005,75.23920297402778
2040-10-01,76.42981939059155,76.23392406184863,76.62571471933447
2040-11-01,76.85845406310978,76.66256020856562,77.05434791765393
2040-12-01,77.07992609438406,76.88403367183446,77.27581851693367
2041-01-01,78.78784094681475,78.5919496144722,78.98373227915731
2041-02-01,76.56231771022364,76.36644722864067,76.75818819180661
2041-03-01,75.10522173975119,74.90935325165661,75.30109022784576
2041-04-01,74.17656890537614,73.98068514353436,74.37245266721793
2041-05-01,74.97413535362716,74.77824582253118,75.17002488472315
2041-06-01,78.20164951360857,78.00575643224816,78.39754259496898
2041-07-01,72.46931850346346,72.27342238824033,72.66521461868658
2041-08-01,73.59511058159,73.3992093194026,73.79101184377741
2041-09-01,74.80555467608633,74.60965769342984,75.00145165874282
2041-10-01,73.56789634454287,73.37200120087248,73.76379148821327
2041-11-01,74.426815667445,74.23092191947843,74.62270941541156
2041-12-01,78.84425929735903,78.64836693738664,79.04015165733142
2042-01-01,74.6481217100702,74.4522304137463,74.84401300639409
2042-02-01,76.05586956095556,75.85999910386735,76.25174001804376
2042-03-01,71.9260166085038,71.73014813538651,72.12188508162109
2042-04-01,73.03136336686288,72.8354796125348,73.22724712119096
2042-05-01,77.10350475992888,76.90761523292183,77.29939428693594
2042-06-01,78.57641011307584,78.38051703386465,78.77230319228703
2042-07-01,75.67666640507139,75.48077029090392,75.87256251923885
2042-08-01,74.63280239718824,74.43690113529847,74.82870365907802
2042-09-01,76.2214788205672,76.02558183759302,76.41737580354138
2042-10-01,70.05415535087445,69.85826020616848,70.25005049558042
2042-11-01,75.68462083827512,75.48872708816604,75.8805145883842
2042-12-01,73.15805331296497,72.96216094907872,73.35394567685121
2043-01-01,76.81480413940358,76.61891283603113,77.01069544277603
2043-02-01,70.8648907667914,70.66902029489552,71.06076123868729
2043-03-01,73.97185335322956,73.77598485513452,74.1677218513246
2043-04-01,75.16336348451523,74.96747969151055,75.35924727751991
2043-05-01,73.70929143545675,73.51340184517596,73.90518102573753
2043-06-01,74.49113571782345,74.29524253108345,74.68702890456346
2043-07-01,77.04437645433393,76.84848015973543,77.24027274893243
2043-08-01,75.1907419070501,74.99484034297855,75.38664347112164
2043-09-01,73.37632043351775,73.18042289360615,73.57221797342935
2043-10-01,77.11941315576559,76.92351702525852,77.31530928627265
2043-11-01,75.73951808062509,75.54362255129061,75.93541360995957
2043-12-01,75.82443621950776,75.62854066703605,76.02033177197947
2044-01-01,73.45108678223443,73.25518948211351,73.64698408235535
2044-02-01,70.14603998665342,69.95015449805973,70.34192547524711
2044-03-01,73.42243581638559,73.2265521222719,73.61831951049928
2044-04-01,73.22606732922748,73.03017716963454,73.42195748882041
2044-05-01,74.00805321178063,73.81216035075522,74.20394607280605
2044-06-01,73.55795513347414,73.36206026518173,73.75385000176655
2044-07-01,75.46024692188348,75.26434981383476,75.65614402993221
2044-08-01,77.00328904865091,76.80738725397225,77.19919084332957
2044-09-01,77.38675593667233,77.19085863941623,77.58265323392843
2044-10-01,76.9171155314549,76.72122020271198,77.11301086019782
2044-11-01,73.43722922819245,73.24133537364607,73.63312308273883
2044-12-01,75.36333436594259,75.16744194339188,75.5592267884933
2045-01-01,78.35960442316878,78.16371309082845,78.5554957555091
2045-02-01,72.07942446850757,71.88355398692349,72.27529495009165
2045-03-01,77.9240485072969,77.72818001920233,78.11991699539148
2045-04-01,73.25483951546789,73.05895575362834,73.45072327730745
2045-05-01,75.81884318953507,75.62295365844132,76.01473272062883
2045-06-01,76.06861407829558,75.87272099693406,76.2645071596571
2045-07-01,75.61484282358379,75.41894670836513,75.81073893880244
2045-08-01,79.6972173301616,79.50131606797754,79.89311859234567
2045-09-01,74.63478019175426,74.43888320909777,74.83067717441075
2045-10-01,71.9609293811917,71.76503423752243,72.15682452486098
2045-11-01,75.94968233101721,75.75378858305399,76.14557607898044
2045-12-01,74.89891841963748,74.70302605966845,75.09481077960652
2046-01-01,76.34791757438161,76.15202627805884,76.54380887070438
2046-02-01,77.0011971227253,76.80532666563487,77.19706757981574
2046-03-01,75.17284572103526,74.97697724791686,75.36871419415365
2046-04-01,76.1084058896879,75.91252213535759,76.30428964401821
2046-05-01,75.52914680349903,75.33325727648975,75.72503633050832
2046-06-01,78.819909625321,78.6240165461087,79.0158027045333
2046-07-01,74.498279285418,74.3023831712494,74.69417539958658
2046-08-01,73.86392580148006,73.66802453959251,74.05982706336762
2046-09-01,76.99902812336971,76.80313114039554,77.19492510634389
2046-10-01,73.3806587966403,73.18476365193321,73.5765539413474
2046-11-01,76.02216337245235,75.82626962234328,76.21805712256143
2046-12-01,74.89851694193054,74.7026245780443,75.09440930581678
2047-01-01,75.03703825764006,74.84114695426985,75.23292956101028
2047-02-01,80.11049138400318,79.9146209121073,80.30636185589907
2047-03-01,77.70888841315048,77.5130199150532,77.90475691124774
2047-04-01,77.27910325532906,77.0832194623255,77.47498704833262
2047-05-01,76.3014074409761,76.1055178506931,76.49729703125911
2047-06-01,73.8530427640257,73.65714957728682,74.04893595076459
2047-07-01,75.7637513155737,75.56785502097743,75.95964761016997
2047-08-01,76.4015079129905,76.20560634891672,76.59740947706428
2047-09-01,75.64063867942389,75.44474113951229,75.83653621933549
2047-10-01,75.42200529899958,75.2261091684914,75.61790142950775
2047-11-01,74.4503782280276,74.25448269869312,74.64627375736208
2047-12-01,75.77674289085667,75.58084733838496,75.97263844332838
2048-01-01,74.1965362286237,74.00063892850055,74.39243352874685
2048-02-01,76.63424564546176,76.43836015686362,76.8301311340599
2048-03-01,71.2175953259557,71.02171163183978,71.41347902007162
2048-04-01,77.94601447198443,77.75012431239261,78.14190463157624
2048-05-01,72.62267873835503,72.42678587732851,72.81857159938156
2048-06-01,73.09817578344371,72.90228091515576,73.29407065173166
2048-07-01,76.05939768670362,75.86350057865266,76.25529479475458
2048-08-01,76.31622310497676,76.1203213102981,76.51212489965542
2048-09-01,79.3956797854205,79.19978248816328,79.59157708267772
2048-10-01,75.83011378072828,75.63421845198536,76.0260091094712
2048-11-01,75.1581677416824,74.96227388713825,75.35406159622656
2048-12-01,75.61945179592885,75.42355937337925,75.81534421847846
2049-01-01,78.42113298504353,78.22524165270097,78.61702431738608
2049-02-01,80.08434427322862,79.88847379164454,80.2802147548127
2049-03-01,74.87125156810623,74.67538308000942,75.06712005620304
2049-04-01,76.32188253675389,76.12599877491434,76.51776629859344
2049-05-01,75.09030470810886,74.8944151770151,75.28619423920262
2049-06-01,75.049779171304,74.85388608994137,75.24567225266662
2049-07-01,78.99558276565361,78.79968665043384,79.19147888087338
2049-08-01,73.38757808407598,73.1916768218897,73.58347934626227
2049-09-01,70.56880785513377,70.3729108724784,70.76470483778914
2049-10-01,75.87420363119782,75.67830848752742,76.07009877486821
2049-11-01,77.6385513091717,77.44265756120737,77.83444505713604
2049-12-01,75.68024649760866,75.4843541376374,75.87613885757993
2050-01-01,76.23968818957951,76.04379689325451,76.43557948590451
2050-02-01,76.7470938767683,76.55122341967564,76.94296433386097
2050-03-01,75.45475288554383,75.2588844124232,75.65062135866445
2050-04-01,76.35731379441086,76.16143004008278,76.55319754873894
2050-05-01,76.30948374393574,76.11359421692758,76.5053732709439
2050-06-01,71.33025159706426,71.13435851784861,71.52614467627991
2050-07-01,75.45590497291255,75.26000885874508,75.65180108708002
2050-08-01,72.10286930034522,71.90696803845766,72.29877056223278
2050-09-01,75.1513389371114,74.95544195413834,75.34723592008447
2050-10-01,74.25812321860985,74.06222807390722,74.45401836331249
2050-11-01,77.2959328254974,77.10003907539054,77.49182657560426
2050-12-01,75.73706904203277,75.54117667814653,75.93296140591902
2051-01-01,76.1748074955126,75.97891619214015,76.37069879888504
2051-02-01,74.86559431602473,74.66972384412884,75.06146478792061
2051-03-01,77.33272950854075,77.13686101044348,77.52859800663802
2051-04-01,72.0520067024886,71.85612290948168,72.24789049549551
2051-05-01,73.43978929454033,73.24389970425955,73.63567888482112
2051-06-01,77.81763961315346,77.62174642641568,78.01353279989124
2051-07-01,74.36009916032049,74.16420286572422,74.55599545491675
2051-08-01,70.95346716167796,70.75756559760418,71.14936872575174
2051-09-01,78.13637810230944,77.94048056240007,78.3322756422188
2051-10-01,77.3989590598751,77.20306292936803,77.59485519038216
2051-11-01,76.65359910100392,76.45770357166833,76.8494946303395
2051-12-01,75.43314673794839,75.23725118547445,75.62904229042233
2052-01-01,78.55414713505093,78.3582498349289,78.75004443517295
2052-02-01,77.76056237228636,77.56467688369044,77.95644786088228
2052-03-01,78.32948349740093,78.13359980328501,78.52536719151685
2052-04-01,76.6327411425682,76.43685098297638,76.82863130216
2052-05-01,75.48089938285051,75.2850065218251,75.67679224387592
2052-06-01,74.4423871837401,74.24649231545214,74.63828205202805
2052-07-01,72.69783448987215,72.5019373818212,72.89373159792311
2052-08-01,76.24531648735467,76.04941469267601,76.44121828203333
2052-09-01,76.40482664287913,76.2089293456208,76.60072394013746
2052-10-01,74.54385999573435,74.34796466699032,74.73975532447838
2052-11-01,76.45927125098274,76.26337739643635,76.65516510552912
2052-12-01,74.58098969986804,74.38509727731956,74.77688212241652
2053-01-01,76.96528238415635,76.76939105181492,77.16117371649779
2053-02-01,73.48289604466959,73.28702556308662,73.67876652625256
2053-03-01,73.11868453440684,72.92281604631226,73.31455302250141
2053-04-01,74.76628820610586,74.57040444426407,74.96217196794764
2053-05-01,76.88629982724547,76.69041029615171,77.08218935833922
2053-06-01,72.93008346679517,72.73419038543476,73.12597654815558
2053-07-01,77.32873174079486,77.13283562557287,77.52462785601686
2053-08-01,71.9604753493636,71.76457408717732,72.15637661154989
2053-09-01,74.73889533974307,74.5429983570888,74.93479232239733
2053-10-01,72.41596159959431,72.22006645592614,72.61185674326248
2053-11-01,70.01630013211201,69.82040638414767,70.21219388007634
2053-12-01,75.97209032659796,75.77619796662447,76.16798268657146
2054-01-01,74.8821913297668,74.68630003344067,75.07808262609292
2054-02-01,72.44402063478938,72.24815017769671,72.63989109188205
2054-03-01,74.20538037299369,74.00951189987306,74.40124884611431
2054-04-01,76.1211361062111,75.9252523518819,76.3170198605403
2054-05-01,74.50273543802786,74.3068459110208,74.69862496503491
2054-06-01,74.84008486265925,74.64419178344696,75.03597794187155
2054-07-01,74.44186721873191,74.24597110456222,74.63776333290161
2054-08-01,74.073256409586,73.87735514770067,74.26915767147132
2054-09-01,74.0476599749561,73.85176299198193,74.24355695793028
2054-10-01,73.98888224100736,73.79298709630027,74.18477738571445
2054-11-01,73.73167926289528,73.53578551278842,73.92757301300215
2054-12-01,73.20396658926668,73.00807422538044,73.39985895315293
2055-01-01,74.47841751444398,74.28252621107153,74.67430881781642
2055-02-01,73.95873179535445,73.76286132345633,74.15460226725257
2055-03-01,73.09432984360544,72.89846134550594,73.29019834170494
2055-04-01,76.77108893391112,76.57520514090643,76.9669727269158
2055-05-01,77.7020691319606,77.50617954167981,77.89795872224138
2055-06-01,75.23987139520676,75.04397820846788,75.43576458194565
2055-07-01,75.36901110975788,75.17311481516049,75.56490740435527
2055-08-01,73.85524126655406,73.65933970248139,74.05114283062673
2055-09-01,77.37016677582034,77.17426923590874,77.56606431573194
2055-10-01,78.71656595027832,78.52066981977349,78.91246208078316
2055-11-01,74.9083964199229,74.71250089058842,75.10429194925737
2055-12-01,74.19804265290719,74.00214710043771,74.39393820537667
2056-01-01,75.91773026711974,75.72183296699882,76.11362756724066
2056-02-01,75.50063483245549,75.30474934385957,75.69652032105141
2056-03-01,74.23208753320012,74.03620383908755,74.42797122731268
2056-04-01,76.18786419094818,75.99197403135413,76.38375435054222
2056-05-01,77.10562326681838,76.90973040579297,77.3015161278438
2056-06-01,73.67685498486412,73.48096011657171,73.87274985315653
2056-07-01,80.31133929468683,80.1154421866381,80.50723640273556
2056-08-01,72.1828843739329,71.98698257925646,72.37878616860932
2056-09-01,73.52476020540666,73.32886290814834,73.72065750266499
2056-10-01,75.71537576089668,75.51948043215265,75.9112710896407
2056-11-01,79.72374303639708,79.52784918185293,79.91963689094123
2056-12-01,74.11999443989976,73.92410201734792,74.31588686245159
2057-01-01,73.10095192302515,72.9050605906826,73.2968432553677
2057-02-01,76.34222733176512,76.1463568501788,76.53809781335143
2057-03-01,74.73539443448465,74.53952594639007,74.93126292257922
2057-04-01,76.57478322250404,76.37889946066448,76.77066698434359
2057-05-01,75.08952902248825,74.8936394913945,75.285418553582
2057-06-01,73.53199920936618,73.33610612800355,73.7278922907288
2057-07-01,79.9276690534034,79.73177293818364,80.12356516862317
2057-08-01,69.33631734041376,69.14041607822524,69.53221860260227
2057-09-01,78.87448098700372,78.67858400434835,79.07037796965909
2057-10-01,77.10516062524857,76.9092654815804,77.30105576891674
2057-11-01,73.75064935617422,73.55475560820989,73.94654310413856
2057-12-01,78.97607920928056,78.78018684930706,79.17197156925405
2058-01-01,72.50466488405596,72.30877358772872,72.70055618038319
2058-02-01,77.24312258998611,77.04725213289568,77.43899304707655
2058-03-01,71.08431791153998,70.8884494384227,71.28018638465727
2058-04-01,72.93649263213206,72.74060887780286,73.13237638646126
2058-05-01,72.95026796261232,72.75437843560526,73.14615748961937
2058-06-01,73.72905116905827,73.53315808984708,73.92494424826945
2058-07-01,75.26869228131795,75.0727961671516,75.46458839548431
2058-08-01,73.57912232772742,73.38322106583986,73.77502358961497
2058-09-01,71.17282953408585,70.97693255111278,71.36872651705892
2058-10-01,76.1575864188901,75.96169127418524,76.35348156359497
2058-11-01,75.34349500973781,75.1476012596276,75.53938875984801
2058-12-01,76.04885976787273,75.85296740398871,76.24475213175674
2059-01-01,75.58898210360803,75.39309080023558,75.78487340698048
2059-02-01,77.13951037631591,76.94363990442002,77.3353808482118
2059-03-01,75.09385758876101,74.89798909066374,75.28972608685828
2059-04-01,77.2579912125251,77.06210741952042,77.45387500552978
2059-05-01,73.69070691389243,73.49481732361164,73.88659650417321
2059-06-01,73.79837807766273,73.60248489092385,73.99427126440162
2059-07-01,77.99167131784034,77.79577502324295,78.18756761243773
2059-08-01,77.94891937087112,77.75301780679958,78.14482093494267
2059-09-01,76.38572177833841,76.18982423842681,76.58161931825
2059-10-01,73.46040723822578,73.26451110771983,73.65630336873174
2059-11-01,73.29806382882188,73.10216829948963,73.49395935815413
2059-12-01,77.89586583427166,77.69997028179995,78.09176138674337
2060-01-01,77.78115403903865,77.5852567389155,77.9770513391618
2060-02-01,75.11421096941615,74.91832548081912,75.31009645801318
2060-03-01,79.91865735583872,79.7227736617228,80.11454104995464
2060-04-01,76.15882198195266,75.96293182236084,76.35471214154447
2060-05-01,73.0215524335074,72.82565957248198,73.21744529453281
2060-06-01,74.68878510698084,74.4928902386929,74.8846799752688
2060-07-01,75.24758150257375,75.0516843945228,75.44347861062471
2060-08-01,75.41222619471523,75.21632440003657,75.60812798939389
2060-09-01,77.73747869036978,77.54158139311146,77.93337598762811
2060-10-01,73.32551558690218,73.12962025815926,73.5214109156451
2060-11-01,72.5762728548747,72.38037900032944,72.77216670941996
2060-12-01,76.44119552820976,76.24530310566128,76.63708795075824
2061-01-01,74.22570929117772,74.0298179588374,74.42160062351805
2061-02-01,80.08482417593751,79.88895369435566,80.28069465751936
2061-03-01,77.12314059038778,76.9272721022932,77.31900907848235
2061-04-01,74.19117289157884,73.99528912973595,74.38705665342174
2061-05-01,77.65804137304508,77.4621518419491,77.85393090414107
2061-06-01,76.7069459252491,76.51105284388869,76.90283900660951
2061-07-01,76.4956775433318,76.29978142811203,76.69157365855156
2061-08-01,75.00557006987947,74.80966880769319,75.20147133206575
2061-09-01,76.06483417447134,75.86893719181597,76.26073115712671
2061-10-01,71.04837836143588,70.85248321776771,71.24427350510405
2061-11-01,77.85531396608803,77.6594202181237,78.05120771405237
2061-12-01,68.38300338184854,68.18711102188061,68.57889574181647
2062-01-01,74.33831630710029,74.14242501077305,74.53420760342752
2062-02-01,72.06168490013079,71.86581444304035,72.25755535722122
2062-03-01,74.22370495875339,74.02783648563387,74.4195734318729
2062-04-01,75.09986777167433,74.90398401734512,75.29575152600353
2062-05-01,72.83667488399738,72.64078535698921,73.03256441100554
2062-06-01,69.69554485873982,69.49965177952863,69.89143793795101
2062-07-01,75.6475968136275,75.45170069946003,75.84349292779497
2062-08-01,79.41448744768843,79.218586185802,79.61038870957486
2062-09-01,74.53270288639305,74.33680590341775,74.72859986936835
2062-10-01,77.15988884719673,76.96399370249186,77.35578399190159
2062-11-01,78.24369403927989,78.04780028917415,78.43958778938563
2062-12-01,71.44123097026028,71.24533860637403,71.63712333414652
2063-01-01,74.3214281179479,74.12553681457545,74.51731942132035
2063-02-01,72.68635881287726,72.49048834098137,72.88222928477315
2063-03-01,73.62626079845654,73.4303923003604,73.82212929655269
2063-04-01,78.64037025415325,78.44448646114857,78.83625404715794
2063-05-01,75.68804000350377,75.49215041322299,75.88392959378456
2063-06-01,76.81315049399245,76.61725730725244,77.00904368073246
2063-07-01,75.15314493943538,74.95724864483688,75.34904123403388
2063-08-01,72.81417520250795,72.6182736384364,73.0100767665795
2063-09-01,76.59812156089822,76.40222402098662,76.79401910080982
2063-10-01,77.73858614183553,77.54269001132846,77.93448227234259
2063-11-01,75.87894151640558,75.6830459870711,76.07483704574005
2063-12-01,76.20928669798263,76.01339114551092,76.40518225045435
2064-01-01,72.77679675272861,72.58089945260546,72.97269405285176
2064-02-01,76.64226178998047,76.44637630138455,76.83814727857639
2064-03-01,77.94098526000016,77.7451015658887,78.13686895411162
2064-04-01,76.03568919383792,75.83979903424611,76.23157935342974
2064-05-01,71.65727689708137,71.46138403605596,71.85316975810679
2064-06-01,78.49629741854869,78.30040255025628,78.6921922868411
2064-07-01,73.36164676813587,73.16574966008491,73.55754387618683
2064-08-01,76.00123683685433,75.80533504217567,76.197138631533
2064-09-01,77.15672495307854,76.96082765581798,77.3526222503391
2064-10-01,77.3848483579668,77.18895302922499,77.58074368670862
2064-11-01,71.65059258251586,71.4546987279706,71.84648643706112
2064-12-01,75.46045192572956,75.26455950317884,75.65634434828027
2065-01-01,75.35195038040229,75.15605904806085,75.54784171274372
2065-02-01,78.10413206048565,77.90826157890157,78.30000254206973
2065-03-01,76.16720709411311,75.97133860601853,76.36307558220768
2065-04-01,78.12430333984457,77.92841957800391,78.32018710168524
2065-05-01,76.32727233399987,76.13138280290612,76.52316186509363
2065-06-01,75.0812345219581,74.88534144059768,75.2771276033185
2065-07-01,75.63418726321152,75.43829114799063,75.8300833784324
2065-08-01,78.27766312494623,78.08176186275995,78.47356438713251
2065-09-01,72.65141113444474,72.45551415178825,72.84730811710124
2065-10-01,77.04440533660306,76.84851019293156,77.24030048027457
2065-11-01,73.98675988390937,73.79086613594392,74.18265363187483
2065-12-01,73.55138631461534,73.35549395464295,73.74727867458773
2066-01-01,77.2853615391895,77.08947024286337,77.48125283551562
2066-02-01,73.47255654123745,73.27668608414702,73.66842699832789
2066-03-01,75.99173231593429,75.79586384281477,76.1876007890538
2066-04-01,74.2606598540547,74.06477609972215,74.45654360838724
2066-05-01,70.52410993736436,70.3282204103573,70.71999946437141
2066-06-01,76.19429277678984,75.99839969757642,76.39018585600326
2066-07-01,75.48939618291845,75.29350006875099,75.68529229708592
2066-08-01,71.42019348994484,71.2242922280584,71.61609475183127
2066-09-01,73.83854705381594,73.64265007084288,74.03444403678901
2066-10-01,71.62644367750897,71.430548532803,71.82233882221495
2066-11-01,76.7002519392646,76.50435818915774,76.89614568937147
2066-12-01,78.01429739799369,77.81840503410744,78.21018976187993
2067-01-01,76.9383203676293,76.74242906425575,77.13421167100286
2067-02-01,77.21408450322468,77.01821403132769,77.40995497512168
2067-03-01,74.20560268425271,74.00973418615321,74.40147118235221
2067-04-01,76.32897104676641,76.13308725376285,76.52485483976997
2067-05-01,75.22294603998881,75.02705644970469,75.41883563027294
2067-06-01,75.60626797103441,75.4103747842933,75.80216115777553
2067-07-01,77.15536601522501,76.95946972062652,77.35126230982351
2067-08-01,77.58705744516772,77.39115588109394,77.7829590092415
2067-09-01,74.46075958066018,74.26486204074858,74.65665712057178
2067-10-01,72.42073950087911,72.22484337037204,72.61663563138617
2067-11-01,74.86608425311846,74.67018872378398,75.06197978245294
2067-12-01,74.79611339896576,74.60021784649294,74.99200895143858
2068-01-01,75.81201054149722,75.61611324137185,76.00790784162258
2068-02-01,76.89820277936633,76.7023172907693,77.09408826796336
2068-03-01,71.4157511458269,71.21986745171098,71.61163483994282
2068-04-01,73.88975909720784,73.69386893761603,74.08564925679966
2068-05-01,73.31658659037066,73.12069372934525,73.51247945139608
2068-06-01,77.73476214854122,77.53886728025215,77.9306570168303
2068-07-01,74.82540701253959,74.62950990448752,75.02130412059165
2068-08-01,74.20991365124519,74.01401185656653,74.40581544592385
2068-09-01,76.31625145248498,76.12035415522665,76.5121487497433
2068-10-01,74.05146950430715,73.85557417556535,74.24736483304895
2068-11-01,75.20807380896915,75.01217995442389,75.40396766351441
2068-12-01,78.86645583257382,78.67056341002534,79.0623482551223
2069-01-01,78.81029931730654,78.61440798496511,79.00619064964798
2069-02-01,74.42404563590489,74.22817515432081,74.61991611748897
2069-03-01,74.87307998648153,74.67721149838695,75.0689484745761
2069-04-01,74.00025743255658,73.8043736707148,74.19614119439836
2069-05-01,71.38643129130838,71.19054176021463,71.58232082240214
2069-06-01,77.3109666411065,77.11507355974275,77.50685972247025
2069-07-01,80.08003822513828,79.88414210991516,80.2759343403614
2069-08-01,74.35227967829432,74.15637841610804,74.5481809404806
2069-09-01,73.60380060035305,73.40790361769656,73.79969758300955
2069-10-01,74.6929925376297,74.49709739395931,74.8888876813001
2069-11-01,75.40834354419216,75.21244979622671,75.60423729215762
2069-12-01,72.96634231956807,72.7704499595968,73.16223467953934
2070-01-01,74.3230290515616,74.1271377552366,74.5189203478866
2070-02-01,77.26507922441505,77.06920876732461,77.46094968150548
2070-03-01,75.49651009359866,75.30064162047914,75.69237856671818
2070-04-01,77.77534932799347,77.57946557366316,77.97123308232378
2070-05-01,75.97135487536832,75.77546534835903,76.1672444023776
2070-06-01,73.05662714968935,72.86073407047816,73.25252022890054
2070-07-01,74.09029452196557,73.89439840779922,74.28619063613193
2070-08-01,75.73045064966561,75.53454938777806,75.92635191155317
2070-09-01,72.99825436136985,72.80235737839678,73.19415134434291
2070-10-01,72.72779395241969,72.53189880771482,72.92368909712455
2070-11-01,72.86012233464942,72.66422858454256,73.05601608475628
2070-12-01,76.26314489954302,76.06725253565678,76.45903726342927
2071-01-01,74.51241921148517,74.31652790811161,74.70831051485872
2071-02-01,77.59615734786189,77.40028687596377,77.79202781976001
2071-03-01,73.45176805473216,73.25589955663378,73.64763655283053
2071-04-01,70.31791861510851,70.12203482210383,70.5138024081132
2071-05-01,74.98210135389729,74.78621176361429,75.1779909441803
2071-06-01,78.52781375988593,78.33192057314704,78.72370694662482
2071-07-01,75.31306377907845,75.11716748448218,75.50896007367471
2071-08-01,72.48809360807354,72.292192044002,72.68399517214509
2071-09-01,71.99600304875116,71.80010550883956,72.19190058866276
2071-10-01,77.62775483810117,77.4318587075941,77.82365096860823
2071-11-01,73.62873066113946,73.43283513180498,73.82462619047394
2071-12-01,78.31790644965133,78.12201089717851,78.51380200212415
2072-01-01,76.54828706381943,76.35238976369406,76.7441843639448
2072-02-01,73.69895438987875,73.50306890128172,73.89483987847578
2072-03-01,77.571375517856,77.37549182374008,77.76725921197192
2072-04-01,73.39205905893593,73.19616889934412,73.58794921852774
2072-05-01,72.34181639342069,72.14592353239306,72.53770925444832
2072-06-01,73.50632374207757,73.31042887378626,73.70221861036887
2072-07-01,76.77431218586926,76.5784150778183,76.97020929392022
2072-08-01,77.51516525840117,77.3192634637225,77.71106705307983
2072-09-01,74.44529674349,74.24939944622945,74.64119404075056
2072-10-01,71.50227388321713,71.30637855447198,71.69816921196228
2072-11-01,72.1242372292684,71.92834337472425,72.32013108381256
2072-12-01,73.10316668394616,72.90727426139767,73.29905910649464
2073-01-01,72.65003606758282,72.45414473524026,72.84592739992537
2073-02-01,75.76933184165068,75.57346136006883,75.96520232323253
2073-03-01,79.11413073641897,78.9182622483244,79.30999922451355
2073-04-01,76.82995180750017,76.63406804565838,77.02583556934195
2073-05-01,72.98154786800849,72.7856583369125,73.17743739910448
2073-06-01,73.84989879241985,73.65400571105944,74.04579187378026
2073-07-01,74.23879842925503,74.04290231403526,74.4346945444748
2073-08-01,76.01784695676187,75.82194569457447,76.21374821894928
2073-09-01,78.37926365821872,78.18336667556223,78.57516064087521
2073-10-01,74.30453930924281,74.10864416557465,74.50043445291098
2073-11-01,78.31549673304534,78.11960298507877,78.5113904810119
2073-12-01,79.44516931403182,79.24927695405943,79.6410616740042
2074-01-01,74.54019302226175,74.34430172593785,74.73608431858564
2074-02-01,74.48422552174873,74.28835506465829,74.68009597883916
2074-03-01,74.52016022257811,74.3242917494586,74.71602869569763
2074-04-01,75.35991776586104,75.16403401153073,75.55580152019135
2074-05-01,74.52497017076684,74.32908064375978,74.72085969777389
2074-06-01,77.00404379250028,76.8081507132891,77.19993687171147
2074-07-01,72.14183876291571,71.94594264874824,72.33773487708318
2074-08-01,74.1694984011513,73.97359713926375,74.36539966303886
2074-09-01,75.89383786666008,75.69794088368478,76.08973484963538
2074-10-01,76.98325007865776,76.78735493395067,77.17914522336486
2074-11-01,79.62187556683512,79.42598181672714,79.81776931694309
2074-12-01,72.66842850411967,72.47253614023343,72.86432086800592
2075-01-01,73.92507225923919,73.72918095586674,74.12096356261164
2075-02-01,70.71551084762041,70.51964037572452,70.9113813195163
2075-03-01,73.00849951563191,72.81263101753353,73.20436801373029
2075-04-01,71.70927088954045,71.513387096538,71.9051546825429
2075-05-01,74.1875122304341,73.9916226401522,74.38340182071599
2075-06-01,74.78883737100546,74.59294418426657,74.98473055774434
2075-07-01,76.17037142519848,75.97447513059998,76.36626771979698
2075-08-01,74.64707825678147,74.45117669271103,74.84297982085191
2075-09-01,76.17232776617323,75.97643022626275,76.3682253060837
2075-10-01,75.47180546649872,75.27590933599166,75.66770159700579
2075-11-01,73.16623599460468,72.9703404652702,73.36213152393915
2075-12-01,71.8709751984943,71.67507964602372,72.0668707509649
2076-01-01,76.400394869038,76.20449756891485,76.59629216916115
2076-02-01,78.53643121181096,78.34054572321504,78.73231670040688
2076-03-01,80.30404140977635,80.10815771566155,80.49992510389114
2076-04-01,77.11323604799622,76.91734588840552,77.30912620758693
2076-05-01,78.15009793576735,77.95420507473972,78.34599079679498
2076-06-01,76.16295843565314,75.96706356736296,76.35885330394332
2076-07-01,75.84178208401008,75.64588497595912,76.03767919206103
2076-08-01,75.45917277170923,75.2632709770328,75.65507456638566
2076-09-01,75.0290894456615,74.8331921484054,75.2249867429176
2076-10-01,76.44855421147076,76.25265888272673,76.6444495402148
2076-11-01,74.20190097850639,74.00600712396223,74.39779483305054
2076-12-01,74.937657774993,74.74176535244452,75.13355019754148
2077-01-01,72.8883641207409,72.69247278839835,73.08425545308346
2077-02-01,76.1814958526079,75.98562537102605,76.37736633418974
2077-03-01,73.32608706388964,73.13021857579284,73.52195555198645
2077-04-01,75.30092354769386,75.1050397858532,75.49680730953452
2077-05-01,76.24285848734507,76.04696895625355,76.4387480184366
2077-06-01,76.4072136355677,76.21132055420507,76.60310671693033
2077-07-01,76.78341012024202,76.58751400502113,76.97930623546291
2077-08-01,74.80962634078162,74.61372507859534,75.0055276029679
2077-09-01,76.21263369476895,76.01673671211246,76.40853067742545
2077-10-01,74.26210491069418,74.06620976702601,74.45800005436234
2077-11-01,71.29980199309853,71.10390824513419,71.49569574106286
2077-12-01,76.29543131422582,76.09953895425456,76.49132367419709
2078-01-01,75.8381356182515,75.6422443219265,76.0340269145765
2078-02-01,77.2624551834167,77.06658472632292,77.4583256405105
2078-03-01,75.18913451958488,74.99326604646649,75.38500299270328
2078-04-01,72.03132411360872,71.83544035928064,72.2272078679368
2078-05-01,75.05496671118433,74.85907718417505,75.25085623819362
2078-06-01,77.01171922169601,76.81582614248705,77.20761230090497
2078-07-01,76.1894857212868,75.9935896071171,76.3853818354565
2078-08-01,74.94605244168812,74.75015117980057,75.14195370357568
2078-09-01,71.90890466934331,71.71300768637025,72.10480165231638
2078-10-01,73.18936440918617,72.9934692644813,73.38525955389103
2078-11-01,76.18857905120649,75.99268530109518,76.3844728013178
2078-12-01,71.91245645010042,71.71656408621752,72.10834881398333
2079-01-01,74.59720258754271,74.40131128416915,74.79309389091627
2079-02-01,75.31947237015675,75.12360189825863,75.51534284205486
2079-03-01,77.53438063835858,77.33851214026132,77.73024913645585
2079-04-01,76.46959249177462,76.27370869877217,76.66547628477707
2079-05-01,77.16267354610218,76.96678395582029,77.35856313638408
2079-06-01,75.84170448078324,75.64581129404435,76.03759766752212
2079-07-01,73.54879817696624,73.35290188237109,73.7446944715614
2079-08-01,74.0084777045762,73.81257614050465,74.20437926864774
2079-09-01,73.37613224543963,73.18023470552582,73.57202978535345
2079-10-01,76.41607515661747,76.22017902611151,76.61197128712342
2079-11-01,73.85409623272119,73.65820070338894,74.04999176205344
2079-12-01,74.44672802262846,74.25083247015452,74.6426235751024
2080-01-01,75.28618677715929,75.09028947703503,75.48208407728355
2080-02-01,78.5183212120059,78.32243572340998,78.71420670060182
2080-03-01,76.55418283753392,76.35829914341912,76.75006653164871
2080-04-01,73.69166199661245,73.49577183701841,73.8875521562065
2080-05-01,75.5420696261348,75.34617676510939,75.73796248716022
2080-06-01,78.54131383382793,78.34541896553775,78.73720870211811
2080-07-01,76.4673691497126,76.27147204166164,76.66326625776355
2080-08-01,72.0434064040881,71.84750460941056,72.23930819876564
2080-09-01,73.40581456241864,73.20991726516478,73.6017118596725
2080-10-01,73.25605535886268,73.06016003011865,73.45195068760671
2080-11-01,78.11858768394646,77.92269382940343,78.31448153848949
2080-12-01,77.75088240952904,77.55498998698056,77.94677483207752
2081-01-01,73.98900568648382,73.79311435414127,74.18489701882638
2081-02-01,73.94307711837871,73.74720663679574,74.13894759996168
2081-03-01,75.33054667529467,75.13467818719786,75.52641516339148
2081-04-01,75.38375134443925,75.18786758259746,75.57963510628103
2081-05-01,73.3180531601962,73.12216362910355,73.51394269128885
2081-06-01,74.73507029421637,74.53917721285485,74.93096337557789
2081-07-01,72.33568387316916,72.13978775794604,72.53157998839228
2081-08-01,77.77917760947298,77.58327634728558,77.97507887166039
2081-09-01,71.71952052454279,71.5236235418863,71.91541750719928
2081-10-01,71.69551568769452,71.49962054402302,71.89141083136603
2081-11-01,76.10595718026565,75.91006343229908,76.30185092823221
2081-12-01,72.76847569056156,72.5725833305914,72.96436805053172
2082-01-01,74.23085128875891,74.03495999243168,74.42674258508615
2082-02-01,75.371802927506,75.17593247041556,75.56767338459643
2082-03-01,76.58040348330042,76.38453501018313,76.7762719564177
2082-04-01,74.80486356860592,74.60897981427784,75.000747322934
2082-05-01,78.78745603287484,78.59156650586556,78.98334555988413
2082-06-01,75.24623570013614,75.05034262092495,75.44212877934733
2082-07-01,77.61148042090485,77.41558430673739,77.80737653507232
2082-08-01,75.80254776378843,75.60664650190087,75.99844902567598
2082-09-01,79.49441364792688,79.29851666495381,79.69031063089994
2082-10-01,77.35984960002952,77.16395445532689,77.55574474473215
2082-11-01,75.32140407411009,75.12551032400212,75.51729782421806
2082-12-01,76.49885407552586,76.30296171164184,76.69474643940987
2083-01-01,74.71383218335137,74.51794087997892,74.90972348672382
2083-02-01,74.69963961991562,74.50376914801862,74.89551009181261
2083-03-01,72.6275796214968,72.43171112340177,72.82344811959184
2083-04-01,73.62596693215232,73.43008313914541,73.82185072515924
2083-05-01,79.35568199426666,79.15979240398588,79.55157158454745
2083-06-01,72.83404644965344,72.63815326291456,73.02993963639233
2083-07-01,73.92445851438873,73.72856221978911,74.12035480898835
2083-08-01,75.05210468795065,74.85620312387798,75.24800625202332
2083-09-01,75.11739804656662,74.92150050665502,75.31329558647822
2083-10-01,76.0044229361556,75.80852680565077,76.20031906666044
2083-11-01,74.30224223956736,74.10634671023512,74.49813776889961
2083-12-01,76.12586865161057,75.92997309913663,76.32176420408452
2084-01-01,77.52674501001513,77.33084770989421,77.72264231013605
2084-02-01,77.766802729461,77.57091724086509,77.96268821805693
2084-03-01,74.70825669918031,74.51237300506885,74.90414039329177
2084-04-01,76.45599407172813,76.26010391213855,76.65188423131771
2084-05-01,72.95026727722734,72.75437441620193,73.14616013825275
2084-06-01,73.7914594955057,73.59556462721663,73.98735436379478
2084-07-01,72.89274623089608,72.69684912284848,73.08864333894368
2084-08-01,75.14637464377283,74.95047284909417,75.34227643845149
2084-09-01,73.51819934560888,73.32230204835055,73.7140966428672
2084-10-01,72.20027599414664,72.00438066540148,72.39617132289179
2084-11-01,74.46112062218913,74.26522676764498,74.65701447673328
2084-12-01,71.78708494680177,71.59119252425106,71.98297736935248
2085-01-01,77.88646817096458,77.69057683862425,78.0823595033049
2085-02-01,74.12874897887627,73.93287849728996,74.32461946046259
2085-03-01,77.20505337442916,77.00918488633458,77.40092186252373
2085-04-01,74.2551202964099,74.05923653457035,74.45100405824945
2085-05-01,72.8498065735566,72.65391704246173,73.04569610465148
2085-06-01,77.58563129248034,77.38973821111772,77.78152437384297
2085-07-01,75.42064101508618,75.22474489986641,75.61653713030594
2085-08-01,79.0062503489695,78.81034908678322,79.20215161115578
2085-09-01,74.31135326730305,74.11545628464768,74.50725024995842
2085-10-01,74.34202005614975,74.14612491247935,74.53791519982015
2085-11-01,77.25434519175246,77.05845144378813,77.4502389397168
2085-12-01,77.25477106890207,77.05887870892857,77.45066342887557
2086-01-01,75.55214734353149,75.35625604720649,75.74803863985649
2086-02-01,81.90160546559741,81.70573500850698,82.09747592268785
2086-03-01,74.68283379440891,74.48696532128939,74.87870226752842
2086-04-01,72.69599617148526,72.50011241715718,72.89187992581334
2086-05-01,73.23415532701733,73.03826580000805,73.43004485402662
2086-06-01,74.68976154463728,74.49386846542498,74.88565462384958
2086-07-01,78.27312374475235,78.07722763058153,78.46901985892318
2086-08-01,74.86904348235265,74.6731422204651,75.06494474424021
2086-09-01,78.3664260826115,78.17052909963732,78.56232306558567
2086-10-01,76.11059157187532,75.91469642716822,76.30648671658241
2086-11-01,77.40223007213217,77.20633632202309,77.59812382224125
2086-12-01,76.0141386270227,75.81824626313534,76.21003099091007
2087-01-01,75.99634591707316,75.80045461370071,76.1922372204456
2087-02-01,76.74275249774107,76.54688202584518,76.93862296963695
2087-03-01,74.10656758219307,73.91069908409803,74.3024360802881
2087-04-01,74.12446613696176,73.92858234395707,74.32034992996644
2087-05-01,75.93993652676102,75.74404693647801,76.13582611704402
2087-06-01,79.1178174175534,78.92192423081562,79.31371060429117
2087-07-01,72.15866265715258,71.96276636255408,72.35455895175107
2087-08-01,71.17901364849703,70.98311208442549,71.37491521256858
2087-09-01,74.71030507825057,74.51440753833786,74.90620261816328
2087-10-01,77.30163987633568,77.10574374582862,77.49753600684275
2087-11-01,75.33766407087614,75.14176854154279,75.5335596002095
2087-12-01,72.90427081749851,72.7083752650268,73.10016636997022
2088-01-01,75.3906024435297,75.19470514340655,75.58649974365285
2088-02-01,71.77892121147045,71.58303572287453,71.97480670006637
2088-03-01,76.48947702924283,76.29359333512915,76.68536072335652
2088-04-01,74.62568394803088,74.42979378843907,74.8215741076227
2088-05-01,75.06939656107625,74.87350370005083,75.26528942210166
2088-06-01,76.09637711395885,75.90048224566867,76.29227198224903
2088-07-01,75.64658051493302,75.45068340688206,75.84247762298398
2088-08-01,74.15784750058697,73.96194570591054,74.3537492952634
2088-09-01,77.30406269226202,77.10816539500593,77.49995998951812
2088-10-01,76.83269605319208,76.63680072444805,77.02859138193611
2088-11-01,71.68929388805589,71.49340003351396,71.88518774259781
2088-12-01,74.7784813904639,74.58258896791206,74.97437381301573
2089-01-01,73.07587101893853,72.87997968659597,73.27176235128108
2089-02-01,72.70535283014635,72.50948234856338,72.90122331172932
2089-03-01,76.30413963192757,76.10827114383522,76.50000812001991
2089-04-01,74.40454667515019,74.20866291330952,74.60043043699085
2089-05-01,74.94742772561631,74.75153819452478,75.14331725670783
2089-06-01,73.90430568137344,73.70841260001193,74.10019876273496
2089-07-01,75.97300814932396,75.77711203410419,76.16890426454373
2089-08-01,76.60031798889543,76.40441672670691,76.79621925108394
2089-09-01,79.57331443355963,79.37741745090314,79.76921141621612
2089-10-01,74.88130018329275,74.68540503962348,75.07719532696203
2089-11-01,72.33673877669275,72.14084502872842,72.53263252465709
2089-12-01,74.23483157919384,74.03893921922257,74.4307239391651
2090-01-01,76.92806475473151,76.73217345840874,77.12395605105428
2090-02-01,73.69730670962338,73.50143625253294,73.89317716671381
2090-03-01,72.26971754824467,72.07384907512738,72.46558602136196
2090-04-01,73.73862111498897,73.5427373606609,73.93450486931705
2090-05-01,74.16728662229207,73.97139709528167,74.36317614930246
2090-06-01,73.07725426796969,72.88136118875627,73.27314734718311
2090-07-01,75.66873111143855,75.47283499727108,75.86462722560601
2090-08-01,75.08433705185712,74.88843578996956,75.28023831374468
2090-09-01,76.81376943732869,76.61787245435339,77.00966642030399
2090-10-01,74.34957015602276,74.15367501131567,74.54546530072986
2090-11-01,76.35244186775299,76.15654811764391,76.54833561786207
2090-12-01,74.25410860042294,74.0582162365367,74.45000096430918
2091-01-01,72.98004928062905,72.7841579772566,73.1759405840015
2091-02-01,74.14973622350396,73.95386575160585,74.34560669540208
2091-03-01,72.00467725519019,71.80880875709069,72.20054575328969
2091-04-01,78.81215636916363,78.61627257615895,79.00804016216831
2091-05-01,75.52448474601488,75.32859515573188,75.72037433629788
2091-06-01,73.64759025206132,73.4516970653202,73.84348343880244
2091-07-01,74.48154205011573,74.285645755515,74.67743834471646
2091-08-01,70.33919612628242,70.14329456221087,70.53509769035396
2091-09-01,78.10526118376438,77.90936364385391,78.30115872367486
2091-10-01,77.9120018804841,77.71610574997926,78.10789801098893
2091-11-01,75.45371177003409,75.2578162406985,75.64960729936968
2091-12-01,75.87575076976472,75.67985521729413,76.07164632223531
2092-01-01,72.70489217530354,72.50899487518151,72.90078947542557
2092-02-01,72.84572370716774,72.64983821857405,73.04160919576142
2092-03-01,71.84637387114572,71.65049017702869,72.04225756526274
2092-04-01,74.91331187906815,74.71742171947744,75.10920203865885
2092-05-01,77.36323117610584,77.16733831508043,77.55912403713126
2092-06-01,74.46815895918098,74.27226409088857,74.6640538274734
2092-07-01,75.9382029576567,75.74230584960797,76.13410006570543
2092-08-01,77.19026638974594,76.99436459506951,77.38616818442237
2092-09-01,71.99642554483137,71.80052824757415,72.19232284208859
2092-10-01,78.92285465227746,78.72695932353454,79.11874998102039
2092-11-01,77.55880480812186,77.36291095357883,77.7546986626649
2092-12-01,76.26063247540594,76.06474005285746,76.45652489795442
2093-01-01,77.09120822834541,76.89531689600285,77.28709956068796
2093-02-01,77.1755773035444,76.9797068219592,77.3714477851296
2093-03-01,75.82777992374702,75.63191143565244,76.02364841184159
2093-04-01,78.09156813984782,77.89568437800827,78.28745190168738
2093-05-01,74.33479699309225,74.1389074619985,74.53068652418601
2093-06-01,76.16136216106406,75.96546907970144,76.35725524242669
2093-07-01,77.8808493246124,77.68495320939263,78.07674543983217
2093-08-01,69.85671271277377,69.66081145058526,70.05261397496228
2093-09-01,76.11392304634681,75.91802606369032,76.3098200290033
2093-10-01,76.6864247303568,76.49052958668418,76.88231987402943
2093-11-01,71.82335724971674,71.6274635017524,72.01925099768107
2093-12-01,75.79942299929627,75.603530639325,75.99531535926754
2094-01-01,73.65290426890792,73.45701297258069,73.84879556523515
2094-02-01,76.03047039851918,75.83459994142652,76.22634085561185
2094-03-01,75.04844772938571,74.85257925627066,75.24431620250077
2094-04-01,73.3463884766337,73.15050472230563,73.54227223096179
2094-05-01,77.45616864572085,77.26027911871269,77.65205817272901
2094-06-01,74.40279460713441,74.20690152792322,74.5986876863456
2094-07-01,75.77715321939456,75.58125710522486,75.97304933356426
2094-08-01,77.86703475255206,77.67113349066229,78.06293601444183
2094-09-01,73.40371163787938,73.2078146549052,73.59960862085356
2094-10-01,75.25640907937702,75.06051393467216,75.45230422408189
2094-11-01,74.24386855348894,74.04797480337986,74.43976230359802
2094-12-01,74.69934079501695,74.5034484311307,74.8952331589032
2095-01-01,79.54303000559844,79.34713870222488,79.738921308972
2095-02-01,76.16151530296202,75.9656448310639,76.35738577486013
2095-03-01,75.85397744857846,75.65810895048232,76.04984594667461
2095-04-01,76.29894914451688,76.1030653515122,76.49483293752156
2095-05-01,76.08459047736733,75.88870088708433,76.28048006765033
2095-06-01,71.60214695954164,71.40625377280276,71.79804014628053
2095-07-01,79.81551007650796,79.6196137819117,80.01140637110423
2095-08-01,72.32515657012618,72.1292550060524,72.52105813419996
2095-09-01,78.68835998908389,78.4924624491723,78.88425752899549
2095-10-01,76.48791413081062,76.29201800030133,76.68381026131992
2095-11-01,75.58764016112991,75.3917446317932,75.78353569046662
2095-12-01,74.63778073181379,74.44188517934097,74.83367628428661
2096-01-01,80.43989514450709,80.24399784438506,80.63579244462912
2096-02-01,76.4539455701804,76.25806008158447,76.64983105877631
2096-03-01,75.26913532754998,75.07325163343405,75.4650190216659
2096-04-01,74.16955628177783,73.97366612218602,74.36544644136964
2096-05-01,73.9282756235138,73.73238276248838,74.12416848453921
2096-06-01,75.33706452042952,75.14116965213934,75.5329593887197
2096-07-01,73.38085841230588,73.18496130425493,73.57675552035684
2096-08-01,76.59268582597838,76.39678403129972,76.78858762065704
2096-09-01,73.95240680493112,73.75650950767279,74.14830410218944
2096-10-01,77.2423720721572,77.04647674341317,77.43826740090122
2096-11-01,77.20928459151423,77.01339073697231,77.40517844605615
2096-12-01,75.12100398588314,74.92511156333353,75.31689640843274
2097-01-01,76.40589410614598,76.21000277380455,76.60178543848741
2097-02-01,76.49027078856852,76.29440030698555,76.6861412701515
2097-03-01,72.3227898270452,72.12692133895062,72.51865831513977
2097-04-01,78.69310624874743,78.497222486909,78.88899001058586
2097-05-01,74.73405638322652,74.53816685213276,74.92994591432027
2097-06-01,76.62344286155974,76.42754978019933,76.81933594292015
2097-07-01,76.69014992667508,76.49425381145754,76.88604604189261
2097-08-01,70.25502087928407,70.05911961709556,70.45092214147259
2097-09-01,73.92893069312038,73.73303371046389,74.12482767577687
2097-10-01,76.9134503155608,76.71755517189486,77.10934545922673
2097-11-01,75.3692860021713,75.17339225421142,75.56517975013116
2097-12-01,76.60847932980914,76.4125869698401,76.80437168977818
2098-01-01,75.43163529431718,75.23574399799887,75.62752659063548
2098-02-01,77.68654974435776,77.49067928728739,77.88242020142813
2098-03-01,75.47733599891035,75.28146752581759,75.6732044720031
2098-04-01,78.07577626880152,77.87989251451914,78.2716600230839
2098-05-01,73.28824269990128,73.0923531729678,73.48413222683475
2098-06-01,74.97358955905997,74.7776964799781,75.16948263814184
2098-07-01,74.05988706853987,73.86399095458196,74.25578318249777
2098-08-01,76.00797575086517,75.81207448933098,76.20387701239936
2098-09-01,74.6877688562522,74.49187187392901,74.8836658385754
2098-10-01,74.77281119396639,74.57691605040189,74.96870633753089
2098-11-01,73.83470442370708,73.63881067563572,74.03059817177844
2098-12-01,74.31070012281998,74.11480776249645,74.5065924831435
2099-01-01,75.2241718078692,75.02828051081292,75.42006310492548
2099-02-01,71.18725630947915,70.99138585080449,71.38312676815382
2099-03-01,70.64441001593377,70.44854154011179,70.84027849175575
2099-04-01,75.3461098544019,75.15022609586437,75.54199361293944
2099-05-01,69.71060079729864,69.51471126339904,69.90649033119824
2099-06-01,74.8414154460213,74.64552235510313,75.03730853693948
2099-07-01,74.49372293404667,74.29782680024783,74.68961906784551
2099-08-01,76.313458747896,76.11755745319189,76.5093600426001
2099-09-01,73.9021171000636,73.70622005682672,74.09801414330049
2099-10-01,78.37047282119192,78.17457757050661,78.56636807187724
2099-11-01,76.93995392471174,76.74405998573314,77.13584786369034
2099-12-01,72.20918372821245,72.01329103416742,72.40507642225748
2100-01-01,74.67330841223793,74.47741652366983,74.86920030080603
2100-02-01,78.2891026534246,78.0932309597534,78.48497434709581
2100-03-01,73.84554133429396,73.64967078395934,74.04141188462857
2100-04-01,75.13114300031165,74.93525604928956,75.32702995133374
2100-05-01,78.04681080209934,77.85091609368588,78.2427055105128
2100-06-01,74.15692552940067,73.96102378918798,74.35282726961336
2100-07-01,77.48470938692401,77.28879913443582,77.6806196394122
2100-08-01,73.41669248761056,73.2207686812999,73.61261629392122
2100-09-01,69.46545881455216,69.26952367713845,69.66139395196588
2100-10-01,77.6925444174496,77.49659060290077,77.88849823199843
2100-11-01,76.11784865515006,75.92187191821466,76.31382539208545
2100-12-01,76.24609946802903,76.05010521768457,76.44209371837348
